date,tavg,tmin,tmax,prcp,snow,wdir,wspd,wpgt,pres,tsun
2024-01-01 00:00:00,23.4,17.7,28,0,,,8.2,,1015.3,
2024-01-02 00:00:00,24.1,19.7,29,0,,,11,,1014.8,
2024-01-03 00:00:00,22.7,18.7,27,0,,,9.1,,1014.3,
2024-01-04 00:00:00,21.7,19.6,25,25.6,,,9.3,,1014.8,
2024-01-05 00:00:00,22.8,19.8,26,1.5,,,7.5,,1014.3,
2024-01-06 00:00:00,24.5,19.9,31,0.6,,,10.4,,1014.1,
2024-01-07 00:00:00,23.7,19.4,28,0.2,,,11.1,,1014.8,
2024-01-08 00:00:00,22.9,19.8,27,3.1,,,15.2,,1015.7,
2024-01-09 00:00:00,22.2,20,25,1.4,,,13.6,,1015.8,
2024-01-10 00:00:00,22.6,17.4,27,0,,,13.6,,1015.7,
2024-01-11 00:00:00,23.6,18.2,31,0,,,13.4,,1015.6,
2024-01-12 00:00:00,22.9,16.4,30,0,,,16.3,,1016,
2024-01-13 00:00:00,22.7,16.5,30,0,,,11.4,,1016.3,
2024-01-14 00:00:00,23.4,16.8,30,0,,,10,,1015.6,
2024-01-15 00:00:00,23.3,16.6,30,0,,,7.4,,1015.1,
2024-01-16 00:00:00,22.9,16.1,30,0,,,8.3,,1014.1,
2024-01-17 00:00:00,23.4,17.2,31,0,,,7.5,,1013.3,
2024-01-18 00:00:00,23.4,17.3,30,0,,,7.8,,1014,
2024-01-19 00:00:00,24,16.8,31,0,,,8,,1014.1,
2024-01-20 00:00:00,23.6,18.1,30,0,,,8.5,,1015.4,
2024-01-21 00:00:00,24,17,31,0,,,8.1,,1015.7,
2024-01-22 00:00:00,24.6,18.2,32,0,,,7.8,,1016.2,
2024-01-23 00:00:00,24,17.6,31,0,,,7.2,,1016,
2024-01-24 00:00:00,24.7,18.3,32,0,,,8.5,,1015.5,
2024-01-25 00:00:00,24.1,18,30,0,,,8.1,,1016.1,
2024-01-26 00:00:00,23.8,17.9,30,0,,,12,,1017.9,
2024-01-27 00:00:00,23.4,17.5,29,0,,,12,,1018.1,
2024-01-28 00:00:00,23.5,16.9,30,0,,,13.5,,1017.9,
2024-01-29 00:00:00,23.6,17.1,29,0,,,9.6,,1017.1,
2024-01-30 00:00:00,24.1,16.8,31,0,,,8.3,,1016.3,
2024-01-31 00:00:00,24.6,16.2,33,0,,,8.8,,1016.3,
2024-02-01 00:00:00,24.5,16.6,32,0,,,7.9,,1016.4,
2024-02-02 00:00:00,24.7,17.3,32,0,,,6.9,,1015.9,
2024-02-03 00:00:00,25,18.3,31,0,,,8.6,,1016.1,
2024-02-04 00:00:00,25.1,18.6,31,0,,,11.8,,1018,
2024-02-05 00:00:00,24.9,17.6,32,0,,,11.1,,1017.7,
2024-02-06 00:00:00,25.3,17.4,34,0,,,11.9,,1017.5,
2024-02-07 00:00:00,25.5,16.9,34,0,,,10.1,,1017.7,
2024-02-08 00:00:00,25.5,16.8,34,0,,,10.3,,1016.4,
2024-02-09 00:00:00,26,17.7,33,0,,,11.2,,1016.4,
2024-02-10 00:00:00,24.6,17.8,32,0,,,11.9,,1018.3,
2024-02-11 00:00:00,25,17.9,32,0,,,13.2,,1018.4,
2024-02-12 00:00:00,24.8,16.8,32,0,,,12.9,,1017.6,
2024-02-13 00:00:00,24.9,17.3,32,0,,,11.2,,1016.7,
2024-02-14 00:00:00,25.6,18.9,32,0,,,13,,1016.4,
2024-02-15 00:00:00,25.7,19.1,32,0,,,13.1,,1016,
2024-02-16 00:00:00,25.2,18.2,32,0,,,14.3,,1016.5,
2024-02-17 00:00:00,25.8,18.6,33,0,,,13,,1015.4,
2024-02-18 00:00:00,25.7,18.7,33,0,,,9.2,,1014.6,
2024-02-19 00:00:00,26.2,18.9,33,0,,,9.6,,1014.8,
2024-02-20 00:00:00,26.8,20.4,33,0,,,8.8,,1014.7,
2024-02-21 00:00:00,26.8,20.5,33,0,,,9.1,,1014,
2024-02-22 00:00:00,26.8,20.9,34,0,,,8.7,,1014.5,
2024-02-23 00:00:00,26.8,18.9,34,0,,,8.3,,1013.9,
2024-02-24 00:00:00,26.2,19.1,34,0,,,8.8,,1013.5,
2024-02-25 00:00:00,26.8,21.4,33,0.5,,,11.2,,1012.7,
2024-02-26 00:00:00,26.6,19.5,34.1,0,,,14.7,,1013.6,
2024-02-27 00:00:00,26.1,19.2,33,0,,,14.9,,1014.3,
2024-02-28 00:00:00,26.7,19.1,34,0,,,11.8,,1013.8,
2024-02-29 00:00:00,26.5,18.4,34,0,,,11.7,,1014.4,
2024-03-01 00:00:00,26.4,18.7,34,0,,,12.9,,1015.1,
2024-03-02 00:00:00,26.4,17.5,34,0,,,9.6,,1015.2,
2024-03-03 00:00:00,26,19.1,33,0,,,8.1,,1014.5,
2024-03-04 00:00:00,27.1,19.1,35,0,,,7.3,,1013.9,
2024-03-05 00:00:00,27.9,19.9,36,0,,,8.5,,1013.9,
2024-03-06 00:00:00,27.7,20.6,35,0,,,8.2,,1013.8,
2024-03-07 00:00:00,28,20.5,35.3,0,,,7.4,,1012.4,
2024-03-08 00:00:00,28.1,20.1,35.9,0,,,9.2,,1011.9,
2024-03-09 00:00:00,28,20.5,35.2,0,,,9.4,,1012.6,
2024-03-10 00:00:00,28.2,21.1,35.5,0,,,8.5,,1014,
2024-03-11 00:00:00,28.9,22.5,35.9,0,,,10.2,,1014.6,
2024-03-12 00:00:00,28.5,21.2,36.3,0,,,9.5,,1014.9,
2024-03-13 00:00:00,27.9,21.1,35.7,0,,,9.5,,1013.6,
2024-03-14 00:00:00,27.8,20.9,35,0,,,9.2,,1014.9,
2024-03-15 00:00:00,28.7,21.5,35.8,0,,,7.8,,1011.9,
2024-03-16 00:00:00,28.7,22.1,35,0,,,8,,1013.2,
2024-03-17 00:00:00,28.3,23,35.4,0,,,10.9,,1013.8,
2024-03-18 00:00:00,27.6,20.8,35,0,,,7.9,,1014,
2024-03-19 00:00:00,27.8,20.3,35,0,,,7.1,,1013.4,
2024-03-20 00:00:00,28,20.7,35,0,,,7.9,,1012.8,
2024-03-21 00:00:00,27.5,21.5,33.2,0,,,10.9,,1012.8,
2024-03-22 00:00:00,27.6,21.4,34,0,,,10,,1012.1,
2024-03-23 00:00:00,28.4,21.5,34,0,,,10.6,,1011.7,
2024-03-24 00:00:00,28.1,20.5,35,0,,,10.8,,1013.2,
2024-03-25 00:00:00,28.1,19.7,36,0,,,9.7,,1013.3,
2024-03-26 00:00:00,29.5,20.9,36.1,0,,,9.4,,1013.1,
2024-03-27 00:00:00,28,20,36,0,,,9.4,,1015.1,
2024-03-28 00:00:00,28.1,21.2,36,0,,,9.3,,1014.5,
2024-03-29 00:00:00,28.6,21.4,36,0,,,10.4,,1013.5,
2024-03-30 00:00:00,28.4,21.1,36,0,,,8.6,,1014.6,
2024-03-31 00:00:00,28.1,20.8,36,0,,,8.3,,1014.7,
2024-04-01 00:00:00,28.2,20.9,36,0,,,8.6,,1013,
2024-04-02 00:00:00,29.2,22,37,0,,,9.4,,1011.5,
2024-04-03 00:00:00,29.1,22.1,37,0,,,10.5,,1012.2,
2024-04-04 00:00:00,29.1,22,37,0,,,8.8,,1012.5,
2024-04-05 00:00:00,29.3,21.9,37,0,,,9.2,,1012.1,
2024-04-06 00:00:00,29.4,21.5,38,0,,,11,,1010.9,
2024-04-07 00:00:00,29.1,22.6,37,0,,,11.2,,1010.7,
2024-04-08 00:00:00,29.2,21.5,37,0,,,8.6,,1011.5,
2024-04-09 00:00:00,29.7,22.8,36,0,,,10.7,,1012,
2024-04-10 00:00:00,29.1,21.8,36,0,,,10.2,,1012.1,
2024-04-11 00:00:00,29.1,22.5,36,0,,,8.6,,1012.2,
2024-04-12 00:00:00,28.5,22.8,35,5.7,,,10.3,,1012.5,
2024-04-13 00:00:00,28.2,21.9,35,0.5,,,8.4,,1013.3,
2024-04-14 00:00:00,29.1,23.4,36,0,,,7.9,,1013.6,
2024-04-15 00:00:00,29.7,22.8,36,0,,,11.8,,1013.6,
2024-04-16 00:00:00,29.8,22.3,38,0,,,11.4,,1010.8,
2024-04-17 00:00:00,29.8,22.4,38.5,0,,,11.4,,1010.1,
2024-04-18 00:00:00,30,22.7,39.1,0,,,11.4,,1009.4,
2024-04-19 00:00:00,29.5,23.9,37.6,0,,,11.2,,1009.4,
2024-04-20 00:00:00,27.8,23.9,33,0,,,10.2,,1010.6,
2024-04-21 00:00:00,29.4,22.5,37,0,,,11.2,,1010.6,
2024-04-22 00:00:00,29.3,23.3,37,0,,,10.6,,1011.5,
2024-04-23 00:00:00,29.6,22.9,37,0,,,8.8,,1010.1,
2024-04-24 00:00:00,29.1,22.4,36,0,,,11.2,,1010.1,
2024-04-25 00:00:00,29.6,22,37,0,,,12.1,,1010.7,
2024-04-26 00:00:00,30.1,22.9,38,0,,,12,,1010,
2024-04-27 00:00:00,29.8,22.1,38,0,,,10.6,,1010,
2024-04-28 00:00:00,30,22.3,38,0,,,12.4,,1010.2,
2024-04-29 00:00:00,30.3,23.4,37,0,,,10.2,,1011.5,
2024-04-30 00:00:00,30.3,23.1,38.2,0,,,11.2,,1010.9,
2024-05-01 00:00:00,29.9,23.9,39.2,0,,,13.6,,1009,
2024-05-02 00:00:00,30.5,24.1,39,0,,,11.6,,1009.1,
2024-05-03 00:00:00,28.6,21.4,37,10.4,,,11.1,,1010.1,
2024-05-04 00:00:00,29,24.1,36,0.7,,,13,,1010.9,
2024-05-05 00:00:00,29,23.2,36,0,,,13.7,,1009.5,
2024-05-06 00:00:00,28.5,22.5,36,0,,,12.4,,1010.4,
2024-05-07 00:00:00,28.2,23.4,35,6.7,,,10,,1012,
2024-05-08 00:00:00,27.6,22.7,34,14,,,8.2,,1011.1,
2024-05-09 00:00:00,28.1,23.6,34,1.7,,,8.1,,1010.3,
2024-05-10 00:00:00,26.6,22.6,32,0.8,,,7.3,,1011.7,
2024-05-11 00:00:00,27.4,23.5,33,0.4,,,8.7,,1011.7,
2024-05-12 00:00:00,27,23.7,35,1.2,,,6.6,,1011.7,
2024-05-13 00:00:00,26.6,22,34,10.9,,,9.9,,1011.1,
2024-05-14 00:00:00,25.8,22,32,15.4,,,5.7,,1012,
2024-05-15 00:00:00,26.4,22.2,33,11.9,,,8.2,,1011.8,
2024-05-16 00:00:00,26.4,22.3,32,0.4,,,6.1,,1011.8,
2024-05-17 00:00:00,26,22.5,33,10.8,,,6.6,,1010.6,
2024-05-18 00:00:00,25.1,21.5,32,11.8,,,5.1,,1009.4,
2024-05-19 00:00:00,24.4,22.3,29,25.4,,,6.6,,1008,
2024-05-20 00:00:00,24.3,22.2,31,3.7,,,7,,1008.1,
2024-05-21 00:00:00,24.9,22,30,8,,,6.5,,1007.7,
2024-05-22 00:00:00,24.9,22,32,19.3,,,7.1,,1006.4,
2024-05-23 00:00:00,25,21.5,30,1.5,,,6,,1006.1,
2024-05-24 00:00:00,25.5,22.2,31,2.4,,,9.2,,1005.9,
2024-05-25 00:00:00,24.7,22.5,28,0.2,,,12.7,,1007.9,
2024-05-26 00:00:00,24.9,21.6,29,0,,,16.4,,1008.2,
2024-05-27 00:00:00,25.9,22.5,30,0.4,,,17.3,,1008.6,
2024-05-28 00:00:00,25,22.2,30,0,,,16.2,,1009.2,
2024-05-29 00:00:00,26,21.7,31,0,,,16.3,,1008.7,
2024-05-30 00:00:00,26.2,21.9,33,2.4,,,11.7,,1008.8,
2024-05-31 00:00:00,27.2,21.9,34,3.3,,,9.2,,1009.5,
2024-06-01 00:00:00,26.1,23,33,13.9,,,10.2,,1009.7,
2024-06-02 00:00:00,26,22.2,33,17.9,,,6.8,,1010.1,
2024-06-03 00:00:00,24.3,22,30,7.8,,,8.1,,1011,
2024-06-04 00:00:00,25.9,21.8,32,3.4,,,9.7,,1011.6,
2024-06-05 00:00:00,25.4,21.7,32,13.7,,,11.1,,1011.8,
2024-06-06 00:00:00,24.8,22.1,32,7.4,,,9.1,,1012.1,
2024-06-07 00:00:00,24.5,21.5,29,6.4,,,12.9,,1010.4,
2024-06-08 00:00:00,24.2,21,30,1,,,17.4,,1010.6,
2024-06-09 00:00:00,24.3,21.6,28.2,0.4,,,20.1,,1009.7,
2024-06-10 00:00:00,24.7,21.7,29,0.6,,,18.4,,1011.1,
2024-06-11 00:00:00,24.8,22,29,2.1,,,17.5,,1011.4,
2024-06-12 00:00:00,24.2,21.7,29,0.2,,,15.6,,1012.6,
2024-06-13 00:00:00,24.2,21.2,28,1.4,,,14.6,,1012.6,
2024-06-14 00:00:00,25.1,21.1,30,0,,,14.4,,1011.4,
2024-06-15 00:00:00,24.5,20.5,30,0,,,16.1,,1011.1,
2024-06-16 00:00:00,25,21.1,30,4.5,,,16,,1010.7,
2024-06-17 00:00:00,25.2,21,31,2.5,,,13.8,,1010.3,
2024-06-18 00:00:00,25,21.4,31,1.1,,,15.6,,1011,
2024-06-19 00:00:00,24.7,21.3,31,1,,,15.4,,1009.8,
2024-06-20 00:00:00,24.5,21.3,30,0.7,,,17.6,,1010.1,
2024-06-21 00:00:00,24.3,21.4,28,2.8,,,17.3,,1009.9,
2024-06-22 00:00:00,24.5,21.4,29,0.3,,,16.5,,1008.1,
2024-06-23 00:00:00,23.7,21.5,28,1.7,,,15.2,,1007.6,
2024-06-24 00:00:00,24.1,21.5,28,11,,,18.2,,1007.2,
2024-06-25 00:00:00,23.4,21.3,27.3,7.6,,,20.4,,1006.1,
2024-06-26 00:00:00,22.8,21.3,27,3.8,,,19.3,,1007.6,
2024-06-27 00:00:00,22.6,21.1,24,11.9,,,17.4,,1009.3,
2024-06-28 00:00:00,24,20.7,28,0.5,,,15.8,,1009.9,
2024-06-29 00:00:00,24.5,21.1,29,0.6,,,14,,1010.5,
2024-06-30 00:00:00,24.2,21.5,27,2.6,,,14.4,,1011.2,
2024-07-01 00:00:00,23.3,21.5,27,13.5,,,14.4,,1011.4,
2024-07-02 00:00:00,24.1,21.6,28,0.1,,,16.1,,1010.2,
2024-07-03 00:00:00,24.2,21.5,29,3.5,,,15.3,,1010.6,
2024-07-04 00:00:00,24.3,21.1,29,0,,,14.4,,1011.7,
2024-07-05 00:00:00,24.4,21.2,29,5.5,,,16.9,,1010.1,
2024-07-06 00:00:00,23.8,21.4,28,1.2,,,18.7,,1009.5,
2024-07-07 00:00:00,23.8,21.5,28,3.7,,,16,,1009.3,
2024-07-08 00:00:00,22.8,20.6,28,10,,,15,,1009.4,
2024-07-09 00:00:00,23.6,20.9,28.7,1.7,,,15.7,,1008.7,
2024-07-10 00:00:00,24.6,20.9,30,2.9,,,13.1,,1011.8,
2024-07-11 00:00:00,24.7,20.8,29,1.3,,,13.7,,1011.7,
2024-07-12 00:00:00,23.6,21.5,28,3.9,,,13.8,,1010.3,
2024-07-13 00:00:00,23.6,21.5,27,1.1,,,16.1,,1010.2,
2024-07-14 00:00:00,23.6,21.1,27,1.8,,,18.7,,1008.2,
2024-07-15 00:00:00,22.3,20.7,25,17.4,,,17.6,,1007.6,
2024-07-16 00:00:00,22.6,21.1,25,21.8,,,20,,1007.9,
2024-07-17 00:00:00,23,21,27,4.8,,,19.1,,1009.2,
2024-07-18 00:00:00,22.1,21,25,12.8,,,20.2,,1009.6,
2024-07-19 00:00:00,22.2,20.8,25,11,,,19.9,,1008.9,
2024-07-20 00:00:00,23.3,20.9,27,0.6,,,21.2,,1008.9,
2024-07-21 00:00:00,23.8,21.8,27,0.6,,,21.7,,1009.4,
2024-07-22 00:00:00,23.6,21.6,28,0.7,,,19.8,,1011.6,
2024-07-23 00:00:00,23.6,21.5,27,0.1,,,17.4,,1012.2,
2024-07-24 00:00:00,23.8,21.5,27,0.3,,,18,,1010.4,
2024-07-25 00:00:00,22.9,21.2,25,2.4,,,20.4,,1009.1,
2024-07-26 00:00:00,23.3,21.7,26,1.8,,,20.3,,1009.4,
2024-07-27 00:00:00,24,21.4,28,0.5,,,22.4,,1010,
2024-07-28 00:00:00,23.8,20.9,29,0.2,,,20.2,,1008.6,
2024-07-29 00:00:00,23.4,21.6,26,0.5,,,19.2,,1007.6,
2024-07-30 00:00:00,22.6,21.1,26,11.1,,,15.4,,1010.7,
2024-07-31 00:00:00,23,20.8,29,7.6,,,14.9,,1011.8,
2024-08-01 00:00:00,22.7,21.1,26,3.8,,,13.4,,1011.8,
2024-08-02 00:00:00,22.9,20.7,25,1.7,,,14.6,,1011.9,
2024-08-03 00:00:00,23.3,20.3,27,0.4,,,14.4,,1012.6,
2024-08-04 00:00:00,24.1,21.1,28,0.6,,,13.9,,1012.6,
2024-08-05 00:00:00,24,20.1,29,4.2,,,10.6,,1012.2,
2024-08-06 00:00:00,23.7,21,28,7.2,,,12.4,,1011.5,
2024-08-07 00:00:00,23.6,20.4,27,7.1,,,10.2,,1011.5,
2024-08-08 00:00:00,23.4,20.2,28,14,,,12.8,,1012.5,
2024-08-09 00:00:00,23.7,20.4,29,4,,,11.6,,1012.5,
2024-08-10 00:00:00,24,21.1,28,11.3,,,9.5,,1012.4,
2024-08-11 00:00:00,24.2,20.4,30,18.2,,,9.1,,1010.3,
2024-08-12 00:00:00,24.3,20.4,30,27.9,,,6.5,,1009.5,
2024-08-13 00:00:00,24.7,20.6,31,15.9,,,7.2,,1009.9,
2024-08-14 00:00:00,25.2,20.3,31,0.9,,,11.2,,1008.9,
2024-08-15 00:00:00,24.9,21.5,31,7.7,,,6.7,,1008.1,
2024-08-16 00:00:00,25.2,21,31,17.3,,,6.2,,1007.8,
2024-08-17 00:00:00,25.1,20.7,31,3.3,,,13.4,,1008.4,
2024-08-18 00:00:00,24.9,20.7,31,0.3,,,7.8,,1009.6,
2024-08-19 00:00:00,24.5,21.6,31,18.5,,,8.2,,1009.1,
2024-08-20 00:00:00,24.8,21.1,31,18.6,,,6.9,,1009.1,
2024-08-21 00:00:00,23.9,21.4,28,9.1,,,13.9,,1010.4,
2024-08-22 00:00:00,24.4,21.4,29,0.5,,,16.7,,1011.7,
2024-08-23 00:00:00,24.4,20.2,30,0,,,14.4,,1012.5,
2024-08-24 00:00:00,23.9,20.8,28,1.4,,,18.2,,1013.3,
2024-08-25 00:00:00,23.6,21.2,27.2,0.6,,,18.8,,1011.8,
2024-08-26 00:00:00,24,21,28.5,0,,,18.6,,1010.7,
2024-08-27 00:00:00,23.8,20.7,28.8,2.2,,,17.1,,1011.8,
2024-08-28 00:00:00,,,,,,,,,,
2024-08-29 00:00:00,,,,,,,,,,
2024-08-30 00:00:00,,,,,,,,,,
2024-08-31 00:00:00,,,,,,,,,,
2024-09-01 00:00:00,,,,,,,,,,
2024-09-02 00:00:00,,,,,,,,,,
2024-09-03 00:00:00,,,,,,,,,,
2024-09-04 00:00:00,,,,,,,,,,
2024-09-05 00:00:00,24.2,21.3,30,0.9,,,15.6,,1011.1,
2024-09-06 00:00:00,24,20.9,29.3,0.5,,,16.2,,1011.2,
2024-09-07 00:00:00,23.1,21.1,26,0.7,,,14.1,,1012.5,
2024-09-08 00:00:00,23.8,21.4,28.9,0.8,,,16,,1012.2,
2024-09-09 00:00:00,23.6,21.2,27,2,,,17.2,,1010.7,
2024-09-10 00:00:00,24,21.1,28,1.3,,,19,,1010.2,
2024-09-11 00:00:00,24.1,20.5,29,0.5,,,16.7,,1011.7,
2024-09-12 00:00:00,24.2,20.6,29,1.1,,,15.7,,1012.6,
2024-09-13 00:00:00,24.4,20.5,30,0.1,,,14.3,,1012.4,
2024-09-14 00:00:00,23.8,20.5,28,1.4,,,13.9,,1011.9,
2024-09-15 00:00:00,24.2,20.7,30,0.8,,,13.9,,1011.8,
2024-09-16 00:00:00,24.2,19.7,30,0.4,,,12.9,,1012,
2024-09-17 00:00:00,24.6,20,31,0.3,,,14.7,,1011.9,
2024-09-18 00:00:00,24.6,19,31,0,,,11.1,,1010.6,
2024-09-19 00:00:00,24.4,19.7,31,0.8,,,12.4,,1010.8,
2024-09-20 00:00:00,24.2,19.7,31,0.3,,,13.3,,1011.1,
2024-09-21 00:00:00,24.7,20,31,0.2,,,15,,1011.2,
2024-09-22 00:00:00,24.2,20.1,29,0.2,,,13.4,,1010.3,
2024-09-23 00:00:00,24.1,21.1,28,4.2,,,13.9,,1009.9,
2024-09-24 00:00:00,23.9,21.3,28,5.7,,,18.3,,1009.2,
2024-09-25 00:00:00,23.8,21,29.8,0.1,,,17.8,,1009.4,
2024-09-26 00:00:00,23.9,20.5,29,0.6,,,14.9,,1009.9,
2024-09-27 00:00:00,24.1,20.8,29,3.9,,,12.2,,1012,
2024-09-28 00:00:00,25,20.1,32,14.6,,,6.1,,1012.2,
2024-09-29 00:00:00,24.5,20.6,31,12.7,,,7.9,,1013,
2024-09-30 00:00:00,25.4,20.2,32,0,,,7.3,,1012.7,
2024-10-01 00:00:00,25.5,21,32,0.1,,,8.4,,1011.3,
2024-10-02 00:00:00,25.8,20.8,32,1.5,,,8.6,,1012.4,
2024-10-03 00:00:00,24.9,21.1,30,5.2,,,9.6,,1012.9,
2024-10-04 00:00:00,25.1,22,31,21.5,,,10.1,,1012.3,
2024-10-05 00:00:00,23.5,21.2,28,14.6,,,7.6,,1012.8,
2024-10-06 00:00:00,24.1,21,28,0.4,,,7.6,,1012.1,
2024-10-07 00:00:00,24.4,19.6,30,16.3,,,8.1,,1013,
2024-10-08 00:00:00,23.4,20.2,29,8.4,,,6.5,,1013.2,
2024-10-09 00:00:00,24.4,20.5,32,5.8,,,6.6,,1011.7,
2024-10-10 00:00:00,23.4,19.9,29,13.2,,,7.4,,1010.8,
2024-10-11 00:00:00,23,18.9,30,24.4,,,5.6,,1010.5,
2024-10-12 00:00:00,22.8,20.6,28,12.3,,,7.9,,1011.7,
2024-10-13 00:00:00,23.2,20.3,28,18.5,,,7.4,,1012,
2024-10-14 00:00:00,23,20,26,12.7,,,5.5,,1012,
2024-10-15 00:00:00,22.5,20.6,25,33.4,,,7.4,,1011.8,
2024-10-16 00:00:00,22.9,20.4,28,2.4,,,7.1,,1011.5,
2024-10-17 00:00:00,22.7,19.2,27,0.8,,,12.4,,1011.1,
2024-10-18 00:00:00,24.1,19.8,30,3.4,,,9.2,,1011.8,
2024-10-19 00:00:00,23.7,21.1,29,9.9,,,5.7,,1013.1,
2024-10-20 00:00:00,23.3,20.7,28,6.3,,,5.7,,1012.9,
2024-10-21 00:00:00,23.6,20.1,30,6,,,5.7,,1013.7,
2024-10-22 00:00:00,24,20,30,16.9,,,4.8,,1013.8,
2024-10-23 00:00:00,24,19.7,30,10,,,5.8,,1013.2,
2024-10-24 00:00:00,23.1,19.7,29,10.7,,,6.3,,1013.3,
2024-10-25 00:00:00,24,19.2,30,0.3,,,6.4,,1013.4,
2024-10-26 00:00:00,23.8,18.9,30,0,,,7.1,,1013,
2024-10-27 00:00:00,23.4,18.9,29,0,,,7.1,,1011.8,
2024-10-28 00:00:00,23.9,18.2,31,0,,,7,,1011.6,
2024-10-29 00:00:00,24.3,19.4,30,0,,,7.7,,1012.6,
2024-10-30 00:00:00,24.5,19.2,31,0,,,5.9,,1012.6,
2024-10-31 00:00:00,24.5,19.2,32,7.2,,,6.2,,1013.7,
2024-11-01 00:00:00,24,19.8,31,5.9,,,4.6,,1014.8,
2024-11-02 00:00:00,23.5,18.9,30,12.8,,,8.2,,1014.9,
2024-11-03 00:00:00,23,18.9,30,8.3,,,9.8,,1014.2,
2024-11-04 00:00:00,23.3,19.3,29,3.8,,,9.3,,1014,
2024-11-05 00:00:00,23.9,19.1,29,1,,,8.9,,1014.1,
2024-11-06 00:00:00,23.3,17.4,30,0,,,7.8,,1014.4,
2024-11-07 00:00:00,23.4,19.4,28,0.3,,,8.9,,1014.3,
2024-11-08 00:00:00,24.3,19.7,30,0.2,,,9.4,,1014.1,
2024-11-09 00:00:00,23.8,18.8,30,0,,,10.4,,1014.1,
2024-11-10 00:00:00,23.7,17.8,29,0,,,11.2,,1013.9,
2024-11-11 00:00:00,23.7,17.5,29,0,,,10.2,,1013.4,
2024-11-12 00:00:00,23.1,19.4,27,0.1,,,9.1,,1012.6,
2024-11-13 00:00:00,23.7,20.2,28,11.7,,,12.1,,1012,
2024-11-14 00:00:00,23.2,20.5,28,7,,,12.7,,1013.6,
2024-11-15 00:00:00,23.2,20.2,28,8.9,,,10.6,,1014.2,
2024-11-16 00:00:00,23.2,20.2,29,6.9,,,12.2,,1013.5,
2024-11-17 00:00:00,23.3,20.5,28,10.7,,,14,,1013.2,
2024-11-18 00:00:00,23.2,19.7,28,0,,,12.7,,1013.7,
2024-11-19 00:00:00,23.4,19.2,28,0,,,12,,1014.6,
2024-11-20 00:00:00,22.5,18.2,28,0,,,10.9,,1014,
2024-11-21 00:00:00,22.8,18.3,29,0,,,9.4,,1013.8,
2024-11-22 00:00:00,22.9,17.6,30,0,,,8.5,,1013.4,
2024-11-23 00:00:00,22.9,16.8,29,0,,,8,,1014.5,
2024-11-24 00:00:00,22.9,17.1,29,0,,,9.1,,1014.3,
2024-11-25 00:00:00,22.7,17.6,28,0,,,10.6,,1013.4,
2024-11-26 00:00:00,22.4,17.8,27,2.6,,,9.9,,1012.9,
2024-11-27 00:00:00,22.5,19,26,0,,,9,,1012.3,
2024-11-28 00:00:00,22.9,17.9,29,0,,,9.6,,1011.6,
2024-11-29 00:00:00,22.7,16.4,29,0,,,10.2,,1011.6,
2024-11-30 00:00:00,22.2,19.1,25,0,,,7.8,,1010.4,
2024-12-01 00:00:00,23,20.9,27.3,11.1,,,12.1,,1008.5,
2024-12-02 00:00:00,21.8,20.6,23,38.9,,,10.9,,1008.6,
2024-12-03 00:00:00,23.5,19.8,28.1,2.5,,,8.1,,1011.1,
2024-12-04 00:00:00,23.9,20.9,29,0,,,12.7,,1012.8,
2024-12-05 00:00:00,24.1,19.5,30,0,,,11.5,,1013.7,
2024-12-06 00:00:00,23.8,19,30,0,,,9.1,,1013.8,
2024-12-07 00:00:00,23.4,17.8,30,0,,,7.3,,1013.1,
2024-12-08 00:00:00,22.8,18.8,27.9,0.1,,,7.2,,1012,
2024-12-09 00:00:00,22.5,17.3,28.2,0,,,6.9,,1011.9,
2024-12-10 00:00:00,,,,,,,,,,
2024-12-11 00:00:00,,,,,,,,,,
2024-12-12 00:00:00,,,,,,,,,,
2024-12-13 00:00:00,22.3,20.2,25.5,0,,,15.1,,1012.9,
2024-12-14 00:00:00,22.4,19.3,27,0,,,13.9,,1014.8,
2024-12-15 00:00:00,21.2,15.9,26.4,0,,,12.5,,1015.4,
2024-12-16 00:00:00,20.7,14.8,28,0,,,10.6,,1014.7,
2024-12-17 00:00:00,21.4,14.4,29,0,,,7.9,,1013.4,
2024-12-18 00:00:00,22.7,16.5,30,0,,,7.1,,1012.6,
2024-12-19 00:00:00,23.6,18,30,0.2,,,7.1,,1012.5,
2024-12-20 00:00:00,24.4,19.2,30,0,,,7.6,,1012.3,
2024-12-21 00:00:00,23.9,18.1,30,0,,,7.8,,1012.4,
2024-12-22 00:00:00,23.6,19.4,29.2,0,,,8,,1012.8,
2024-12-23 00:00:00,23,19.1,28,0.5,,,6.9,,1013.4,
2024-12-24 00:00:00,22.9,17.5,30,0,,,6.8,,1013.4,
2024-12-25 00:00:00,22.1,17.4,28,0,,,6.6,,1014.8,
2024-12-26 00:00:00,22.2,18.3,27,12.5,,,8.4,,1016.1,
2024-12-27 00:00:00,23.5,19.6,29,1.4,,,14.7,,1016.7,
2024-12-28 00:00:00,22.6,18.6,28,0,,,14,,1017,
2024-12-29 00:00:00,22.9,17.8,30,0,,,12.4,,1016.5,
2024-12-30 00:00:00,22.7,17.7,28,0,,,14.6,,1016.5,
2024-12-31 00:00:00,23.2,17.1,30,0,,,13,,1016.8,
